title,house_type,price,size,construction_costs
Dom w papawerach 2,"jednorodzinny z poddaszem, z garażem jednostanowiskowym",3930,128,331800
Domek letniskowy w krokusach 4 (A),Domek letniskowy parterowy,2300,25,74400
Domek letniskowy w krokusach 5,Domek letniskowy parterowy,2300,25,83500
Domek letniskowy w krokusach 4,Domek letniskowy parterowy,2300,36,95300
Domek letniskowy pod laskiem,Domek letniskowy parterowy,2300,38,96800
Domek letniskowy w krokusach,Domek letniskowy z poddaszem,2840,36,98600
Domek letniskowy nad potoczkiem,Domek letniskowy parterowy,2300,36,98800
Domek letniskowy nad źródełkiem 2,Domek letniskowy parterowy,2300,43,99300
Domek letniskowy w cienistkach 2,Domek letniskowy parterowy,2300,38,101000
Dom w krokusach (A),jednorodzinny z poddaszem,2840,36,104000
Domek letniskowy w cienistkach 3,Domek letniskowy z poddaszem,2840,37,106700
Domek letniskowy nad jeziorkiem,Domek letniskowy parterowy,2840,43,112600
Dom w kosaćcach 5 (N),jednorodzinny parterowy,2840,40,114200
Dom w kosaćcach 4 (N),jednorodzinny parterowy,2840,47,115900
Domek letniskowy nad źródełkiem,Domek letniskowy parterowy,2840,51,120300
Domek letniskowy nad źródełkiem 3,Domek letniskowy z poddaszem,2840,51,121400
Dom w kruszczykach 8 OZE,jednorodzinny parterowy,3140,41,122200
Dom w kuklikach,jednorodzinny parterowy,2840,50,123700
Dom w kruszczykach 6,jednorodzinny parterowy,2840,51,124200
Domek letniskowy nad rzeczką,Domek letniskowy parterowy,2840,49,124500
Dom w kruszczykach 7 OZE,jednorodzinny parterowy,3140,65,128100
Dom w borówkach,jednorodzinny z poddaszem,2840,54,134700
Dom w kruszczykach 8,jednorodzinny parterowy,2840,51,135300
Domek letniskowy na polance,Domek letniskowy z poddaszem,3060,62,135700
Dom w kruszczykach 7,jednorodzinny parterowy,2840,51,138300
Dom w modrakach,jednorodzinny z poddaszem,3060,72,144600
Dom w kruszczykach 3,jednorodzinny parterowy,2840,61,144800
Dom w kruszczykach 4,jednorodzinny parterowy,3060,51,144800
Dom w kruszczykach,jednorodzinny parterowy,2840,77,146000
Dom w kosaćcach (NA),jednorodzinny parterowy,3060,65,148500
Dom w papawerach 2,"jednorodzinny z poddaszem, z garażem jednostanowiskowym",3930,128,331800
Domek letniskowy w krokusach 4 (A),Domek letniskowy parterowy,2300,25,74400
Domek letniskowy w krokusach 5,Domek letniskowy parterowy,2300,25,83500
Domek letniskowy w krokusach 4,Domek letniskowy parterowy,2300,36,95300
Domek letniskowy pod laskiem,Domek letniskowy parterowy,2300,38,96800
Domek letniskowy w krokusach,Domek letniskowy z poddaszem,2840,36,98600
Domek letniskowy nad potoczkiem,Domek letniskowy parterowy,2300,36,98800
Domek letniskowy nad źródełkiem 2,Domek letniskowy parterowy,2300,43,99300
Domek letniskowy w cienistkach 2,Domek letniskowy parterowy,2300,38,101000
Dom w krokusach (A),jednorodzinny z poddaszem,2840,36,104000
Domek letniskowy w cienistkach 3,Domek letniskowy z poddaszem,2840,37,106700
Domek letniskowy nad jeziorkiem,Domek letniskowy parterowy,2840,43,112600
Dom w kosaćcach 5 (N),jednorodzinny parterowy,2840,40,114200
Dom w kosaćcach 4 (N),jednorodzinny parterowy,2840,47,115900
Domek letniskowy nad źródełkiem,Domek letniskowy parterowy,2840,51,120300
Domek letniskowy nad źródełkiem 3,Domek letniskowy z poddaszem,2840,51,121400
Dom w kruszczykach 8 OZE,jednorodzinny parterowy,3140,41,122200
Dom w kuklikach,jednorodzinny parterowy,2840,50,123700
Dom w kruszczykach 6,jednorodzinny parterowy,2840,51,124200
Domek letniskowy nad rzeczką,Domek letniskowy parterowy,2840,49,124500
Dom w kruszczykach 7 OZE,jednorodzinny parterowy,3140,65,128100
Dom w borówkach,jednorodzinny z poddaszem,2840,54,134700
Dom w kruszczykach 8,jednorodzinny parterowy,2840,51,135300
Domek letniskowy na polance,Domek letniskowy z poddaszem,3060,62,135700
Dom w kruszczykach 7,jednorodzinny parterowy,2840,51,138300
Dom w modrakach,jednorodzinny z poddaszem,3060,72,144600
Dom w kruszczykach 3,jednorodzinny parterowy,2840,61,144800
Dom w kruszczykach 4,jednorodzinny parterowy,3060,51,144800
Dom w kruszczykach,jednorodzinny parterowy,2840,77,146000
Dom w kosaćcach (NA),jednorodzinny parterowy,3060,65,148500
Dom w papawerach 2,"jednorodzinny z poddaszem, z garażem jednostanowiskowym",3930,128,331800
Domek letniskowy w krokusach 4 (A),Domek letniskowy parterowy,2300,25,74400
Domek letniskowy w krokusach 5,Domek letniskowy parterowy,2300,25,83500
Domek letniskowy w krokusach 4,Domek letniskowy parterowy,2300,36,95300
Domek letniskowy pod laskiem,Domek letniskowy parterowy,2300,38,96800
Domek letniskowy w krokusach,Domek letniskowy z poddaszem,2840,36,98600
Domek letniskowy nad potoczkiem,Domek letniskowy parterowy,2300,36,98800
Domek letniskowy nad źródełkiem 2,Domek letniskowy parterowy,2300,43,99300
Domek letniskowy w cienistkach 2,Domek letniskowy parterowy,2300,38,101000
Dom w krokusach (A),jednorodzinny z poddaszem,2840,36,104000
Domek letniskowy w cienistkach 3,Domek letniskowy z poddaszem,2840,37,106700
Domek letniskowy nad jeziorkiem,Domek letniskowy parterowy,2840,43,112600
Dom w kosaćcach 5 (N),jednorodzinny parterowy,2840,40,114200
Dom w kosaćcach 4 (N),jednorodzinny parterowy,2840,47,115900
Domek letniskowy nad źródełkiem,Domek letniskowy parterowy,2840,51,120300
Domek letniskowy nad źródełkiem 3,Domek letniskowy z poddaszem,2840,51,121400
Dom w kruszczykach 8 OZE,jednorodzinny parterowy,3140,41,122200
Dom w kuklikach,jednorodzinny parterowy,2840,50,123700
Dom w kruszczykach 6,jednorodzinny parterowy,2840,51,124200
Domek letniskowy nad rzeczką,Domek letniskowy parterowy,2840,49,124500
Dom w kruszczykach 7 OZE,jednorodzinny parterowy,3140,65,128100
Dom w borówkach,jednorodzinny z poddaszem,2840,54,134700
Dom w kruszczykach 8,jednorodzinny parterowy,2840,51,135300
Domek letniskowy na polance,Domek letniskowy z poddaszem,3060,62,135700
Dom w kruszczykach 7,jednorodzinny parterowy,2840,51,138300
Dom w modrakach,jednorodzinny z poddaszem,3060,72,144600
Dom w kruszczykach 3,jednorodzinny parterowy,2840,61,144800
Dom w kruszczykach 4,jednorodzinny parterowy,3060,51,144800
Dom w kruszczykach,jednorodzinny parterowy,2840,77,146000
Dom w kosaćcach (NA),jednorodzinny parterowy,3060,65,148500
Dom w sasankach,"jednorodzinny z poddaszem, ze stropem teriva",3060,80,149100
Dom w kruszczykach 2,jednorodzinny parterowy,2840,57,150500
Dom w bukszpanach 2 (G),"jednorodzinny z poddaszem, z garażem jednostanowiskowym",3370,82,151900
Dom w murajach,"jednorodzinny z poddaszem, z garażem jednostanowiskowym",3370,81,152800
Dom - Miniaturka,jednorodzinny z poddaszem,3060,90,153000
Dom w borówkach (N),jednorodzinny z poddaszem,3060,82,154200
Dom w everniach 3,jednorodzinny z poddaszem,3370,74,154900
Dom w zielistkach 2,jednorodzinny z poddaszem,3370,67,155000
Dom w zielistkach 2 (T),"jednorodzinny z poddaszem, ze stropem teriva",3370,93,156300
Dom w kosmosach,jednorodzinny z poddaszem,3370,102,157000
Dom w poziomkach 3,jednorodzinny z poddaszem,3370,89,157300
Dom w rododendronach 28,jednorodzinny z poddaszem,3370,89,158200
Dom w jeżynach 2,jednorodzinny parterowy,3060,84,159600
Dom w riveach 14,jednorodzinny z poddaszem,3370,89,160400
Dom w stokrotkach 4,jednorodzinny z poddaszem,3370,92,162000
Dom w brusznicach,jednorodzinny z poddaszem,3370,87,162200
Dom w rododendronach 11,jednorodzinny z poddaszem,3060,90,162600
Dom w riveach 11,jednorodzinny z poddaszem,3370,96,162600
Dom w sasankach 7,jednorodzinny z poddaszem,3370,68,163600
Dom w brusznicach 2,jednorodzinny z poddaszem,3370,73,163600
Dom w zielistkach (E),jednorodzinny z poddaszem,3570,82,164200
Dom w sasankach,"jednorodzinny z poddaszem, ze stropem teriva",3060,80,149100
Dom w kruszczykach 2,jednorodzinny parterowy,2840,57,150500
Dom w bukszpanach 2 (G),"jednorodzinny z poddaszem, z garażem jednostanowiskowym",3370,82,151900
Dom w murajach,"jednorodzinny z poddaszem, z garażem jednostanowiskowym",3370,81,152800
Dom - Miniaturka,jednorodzinny z poddaszem,3060,90,153000
Dom w borówkach (N),jednorodzinny z poddaszem,3060,82,154200
Dom w everniach 3,jednorodzinny z poddaszem,3370,74,154900
Dom w zielistkach 2,jednorodzinny z poddaszem,3370,67,155000
Dom w zielistkach 2 (T),"jednorodzinny z poddaszem, ze stropem teriva",3370,93,156300
Dom w kosmosach,jednorodzinny z poddaszem,3370,102,157000
Dom w poziomkach 3,jednorodzinny z poddaszem,3370,89,157300
Dom w rododendronach 28,jednorodzinny z poddaszem,3370,89,158200
Dom w jeżynach 2,jednorodzinny parterowy,3060,84,159600
Dom w riveach 14,jednorodzinny z poddaszem,3370,89,160400
Dom w stokrotkach 4,jednorodzinny z poddaszem,3370,92,162000
Dom w brusznicach,jednorodzinny z poddaszem,3370,87,162200
Dom w rododendronach 11,jednorodzinny z poddaszem,3060,90,162600
Dom w riveach 11,jednorodzinny z poddaszem,3370,96,162600
Dom w sasankach 7,jednorodzinny z poddaszem,3370,68,163600
Dom w brusznicach 2,jednorodzinny z poddaszem,3370,73,163600
Dom w zielistkach (E),jednorodzinny z poddaszem,3570,82,164200
Dom w zielistkach 23,jednorodzinny z poddaszem,3370,100,164600
Dom w bukszpanach (G),"jednorodzinny z poddaszem, z garażem jednostanowiskowym",3060,86,165400
Dom w cedralach,jednorodzinny parterowy,3060,72,165900
Dom w trytomach 2,jednorodzinny z poddaszem,3370,110,166200
Dom w jagodach (PD),jednorodzinny z poddaszem,3060,79,166500
Dom w zielistkach (T),jednorodzinny z poddaszem,3370,97,169100
Dom w ribesach 2 (G),"jednorodzinny z poddaszem, z garażem jednostanowiskowym",3370,89,170000
Dom w kruszczykach 3 (A),jednorodzinny parterowy,2840,100,170900
Domek letniskowy w cienistkach,Domek letniskowy z poddaszem,3060,84,171000
Dom w kosaćcach,jednorodzinny parterowy,3060,94,171200
Dom w zielistkach 20,jednorodzinny z poddaszem,3370,110,171200
Dom w czereśniach 2,jednorodzinny parterowy,2840,74,171700
Dom w winogronach 7,jednorodzinny z poddaszem,3060,84,172300
Dom na wzgórzu,jednorodzinny z poddaszem,3370,94,172900
Dom w motylkach 3,jednorodzinny z poddaszem,3370,65,174200
Dom w porzeczkach 2,jednorodzinny parterowy,2840,74,174300
Dom w kosaćcach 2,jednorodzinny parterowy,3370,84,174300
Dom w arkadiach 5,jednorodzinny z poddaszem,3370,89,175000
Dom w manuce,jednorodzinny z poddaszem,3370,93,175200
Dom w rododendronach 11 (N),jednorodzinny z poddaszem,3370,60,175300
Dom w arkadiach 2,jednorodzinny z poddaszem,3370,79,175400
Dom w zielistkach 23,jednorodzinny z poddaszem,3370,100,164600
Dom w bukszpanach (G),"jednorodzinny z poddaszem, z garażem jednostanowiskowym",3060,86,165400
Dom w cedralach,jednorodzinny parterowy,3060,72,165900
Dom w trytomach 2,jednorodzinny z poddaszem,3370,110,166200
Dom w jagodach (PD),jednorodzinny z poddaszem,3060,79,166500
Dom w zielistkach (T),jednorodzinny z poddaszem,3370,97,169100
Dom w ribesach 2 (G),"jednorodzinny z poddaszem, z garażem jednostanowiskowym",3370,89,170000
Dom w kruszczykach 3 (A),jednorodzinny parterowy,2840,100,170900
Domek letniskowy w cienistkach,Domek letniskowy z poddaszem,3060,84,171000
Dom w kosaćcach,jednorodzinny parterowy,3060,94,171200
Dom w zielistkach 20,jednorodzinny z poddaszem,3370,110,171200
Dom w czereśniach 2,jednorodzinny parterowy,2840,74,171700
Dom w winogronach 7,jednorodzinny z poddaszem,3060,84,172300
Dom na wzgórzu,jednorodzinny z poddaszem,3370,94,172900
Dom w motylkach 3,jednorodzinny z poddaszem,3370,65,174200
Dom w porzeczkach 2,jednorodzinny parterowy,2840,74,174300
Dom w kosaćcach 2,jednorodzinny parterowy,3370,84,174300
Dom w arkadiach 5,jednorodzinny z poddaszem,3370,89,175000
Dom w manuce,jednorodzinny z poddaszem,3370,93,175200
Dom w rododendronach 11 (N),jednorodzinny z poddaszem,3370,60,175300
Dom w arkadiach 2,jednorodzinny z poddaszem,3370,79,175400
Dom w azaliach 3,jednorodzinny z poddaszem,3370,90,177800
Dom w malinówkach 18,jednorodzinny z poddaszem,3370,129,178500
Dom w zielistkach 24,jednorodzinny z poddaszem,3370,90,179100
Dom - Miniaturka (N),jednorodzinny z poddaszem,3370,90,179200
Dom w zielistkach 22,jednorodzinny z poddaszem,3370,90,179600
Dom w cienistkach 4,jednorodzinny z poddaszem,3370,78,181200
Dom w antonówkach,jednorodzinny z poddaszem,3370,97,181700
Dom w zielistkach (GNT),"jednorodzinny z poddaszem, z garażem jednostanowiskowym",3600,89,182000
Dom w malinówkach 28,jednorodzinny z poddaszem,3370,89,182900
Dom w zielistkach 11,jednorodzinny z poddaszem,3370,99,183100
Dom w arkadiach 4,jednorodzinny piętrowy,3370,118,183300
Dom w poziomkach 5 (T),"jednorodzinny z poddaszem, ze stropem teriva",3370,87,183500
Dom w oleandrach 4,jednorodzinny z poddaszem,3370,107,184100
Dom w irysach 4 (G),"jednorodzinny z poddaszem, z garażem jednostanowiskowym",3370,109,184300
Dom w rododendronach (T),"jednorodzinny z poddaszem, ze stropem teriva",3370,90,184800
Dom na wzgórzu (N),jednorodzinny z poddaszem,3370,90,185400
Dom w klementynkach 2,jednorodzinny z poddaszem,3370,99,186000
Dom w kruszczykach 3 (G),"jednorodzinny parterowy, z garażem jednostanowiskowym",3060,105,186300
Dom w azaliach 3,jednorodzinny z poddaszem,3370,90,177800
Dom w malinówkach 18,jednorodzinny z poddaszem,3370,129,178500
Dom w zielistkach 24,jednorodzinny z poddaszem,3370,90,179100
Dom - Miniaturka (N),jednorodzinny z poddaszem,3370,90,179200
Dom w zielistkach 22,jednorodzinny z poddaszem,3370,90,179600
Dom w cienistkach 4,jednorodzinny z poddaszem,3370,78,181200
Dom w antonówkach,jednorodzinny z poddaszem,3370,97,181700
Dom w zielistkach (GNT),"jednorodzinny z poddaszem, z garażem jednostanowiskowym",3600,89,182000
Dom w malinówkach 28,jednorodzinny z poddaszem,3370,89,182900
Dom w zielistkach 11,jednorodzinny z poddaszem,3370,99,183100
Dom w arkadiach 4,jednorodzinny piętrowy,3370,118,183300
Dom w poziomkach 5 (T),"jednorodzinny z poddaszem, ze stropem teriva",3370,87,183500
Dom w oleandrach 4,jednorodzinny z poddaszem,3370,107,184100
Dom w irysach 4 (G),"jednorodzinny z poddaszem, z garażem jednostanowiskowym",3370,109,184300
Dom w rododendronach (T),"jednorodzinny z poddaszem, ze stropem teriva",3370,90,184800
Dom na wzgórzu (N),jednorodzinny z poddaszem,3370,90,185400
Dom w klementynkach 2,jednorodzinny z poddaszem,3370,99,186000
Dom w kruszczykach 3 (G),"jednorodzinny parterowy, z garażem jednostanowiskowym",3060,105,186300
Dom w rododendronach 3,jednorodzinny z poddaszem,3370,97,186700
Dom w kostrzewach 9 (E),jednorodzinny parterowy,3570,91,186900
Dom - Miniaturka (NT),"jednorodzinny z poddaszem, ze stropem teriva",3370,99,187900
Dom w kronselkach,jednorodzinny z poddaszem,3370,100,188100
Dom w motylkach 2,jednorodzinny z poddaszem,3370,73,188500
Dom w kroplikach (W),jednorodzinny z poddaszem,3370,97,188800
Dom w zielistkach (GT),"jednorodzinny z poddaszem, z garażem jednostanowiskowym",3600,100,189400
Dom w borówkach 6,jednorodzinny z poddaszem,3060,90,189700
Dom w zielistkach (G),"jednorodzinny z poddaszem, z garażem jednostanowiskowym",3600,87,190400
Dom w plumeriach,jednorodzinny parterowy,3060,84,190600
Dom w malinówkach 14,jednorodzinny z poddaszem,3600,109,191000
Dom pod limbami,jednorodzinny z poddaszem,3370,100,191800
Dom w malinówkach (E),jednorodzinny z poddaszem,3570,90,192500
Dom w cienistkach (A),jednorodzinny z poddaszem,3060,110,192900
Dom w zielistkach 25,jednorodzinny z poddaszem,3370,111,194100
Dom w prymulkach,jednorodzinny z poddaszem,3370,86,195600
Dom w rododendronach 3,jednorodzinny z poddaszem,3370,97,186700
Dom w kostrzewach 9 (E),jednorodzinny parterowy,3570,91,186900
Dom - Miniaturka (NT),"jednorodzinny z poddaszem, ze stropem teriva",3370,99,187900
Dom w kronselkach,jednorodzinny z poddaszem,3370,100,188100
Dom w motylkach 2,jednorodzinny z poddaszem,3370,73,188500
Dom w kroplikach (W),jednorodzinny z poddaszem,3370,97,188800
Dom w zielistkach (GT),"jednorodzinny z poddaszem, z garażem jednostanowiskowym",3600,100,189400
Dom w borówkach 6,jednorodzinny z poddaszem,3060,90,189700
Dom w zielistkach (G),"jednorodzinny z poddaszem, z garażem jednostanowiskowym",3600,87,190400
Dom w plumeriach,jednorodzinny parterowy,3060,84,190600
Dom w malinówkach 14,jednorodzinny z poddaszem,3600,109,191000
Dom pod limbami,jednorodzinny z poddaszem,3370,100,191800
Dom w malinówkach (E),jednorodzinny z poddaszem,3570,90,192500
Dom w cienistkach (A),jednorodzinny z poddaszem,3060,110,192900
Dom w zielistkach 25,jednorodzinny z poddaszem,3370,111,194100
Dom w prymulkach,jednorodzinny z poddaszem,3370,86,195600
Dom w porcelankach,jednorodzinny z poddaszem,3370,114,195900
Dom w zielistkach 2 (G),"jednorodzinny z poddaszem, z garażem jednostanowiskowym",3370,88,196000
Dom w zielistkach 3,jednorodzinny z poddaszem,3370,89,196500
Dom pod bukami 4,jednorodzinny z poddaszem,3370,74,197200
Dom w wisteriach 8 (N),jednorodzinny z poddaszem,3600,110,198100
Dom w mekintoszach 9,jednorodzinny parterowy,3370,94,198500
Dom w klematisach 21,"jednorodzinny z poddaszem, z garażem jednostanowiskowym",3600,104,198700
Dom we wrzosach,jednorodzinny parterowy,3370,113,199200
Dom w zielistkach 3 (T),"jednorodzinny z poddaszem, ze stropem teriva",3370,118,199500
Dom w dereniach 2,jednorodzinny parterowy,3370,120,200400
Dom w sasankach 4,jednorodzinny z poddaszem,3370,105,200400
Dom w poziomkach 3 (G),"jednorodzinny z poddaszem, z garażem jednostanowiskowym",3370,87,201100
Dom w gunnerach,"jednorodzinny z poddaszem, z garażem jednostanowiskowym",3370,95,201400
Dom w lukrecji 2,jednorodzinny z poddaszem,3370,101,202100
Dom pod wierzbą (T),"jednorodzinny z poddaszem, ze stropem teriva",3370,109,203200
Dom pod wierzbą,jednorodzinny z poddaszem,3370,91,203600
Dom w kostrzewach 4,jednorodzinny parterowy,3370,93,203900
Dom w porcelankach,jednorodzinny z poddaszem,3370,114,195900
Dom w zielistkach 2 (G),"jednorodzinny z poddaszem, z garażem jednostanowiskowym",3370,88,196000
Dom w zielistkach 3,jednorodzinny z poddaszem,3370,89,196500
Dom pod bukami 4,jednorodzinny z poddaszem,3370,74,197200
Dom w wisteriach 8 (N),jednorodzinny z poddaszem,3600,110,198100
Dom w mekintoszach 9,jednorodzinny parterowy,3370,94,198500
Dom w klematisach 21,"jednorodzinny z poddaszem, z garażem jednostanowiskowym",3600,104,198700
Dom we wrzosach,jednorodzinny parterowy,3370,113,199200
Dom w zielistkach 3 (T),"jednorodzinny z poddaszem, ze stropem teriva",3370,118,199500
Dom w dereniach 2,jednorodzinny parterowy,3370,120,200400
Dom w sasankach 4,jednorodzinny z poddaszem,3370,105,200400
Dom w poziomkach 3 (G),"jednorodzinny z poddaszem, z garażem jednostanowiskowym",3370,87,201100
Dom w gunnerach,"jednorodzinny z poddaszem, z garażem jednostanowiskowym",3370,95,201400
Dom w lukrecji 2,jednorodzinny z poddaszem,3370,101,202100
Dom pod wierzbą (T),"jednorodzinny z poddaszem, ze stropem teriva",3370,109,203200
Dom pod wierzbą,jednorodzinny z poddaszem,3370,91,203600
Dom w kostrzewach 4,jednorodzinny parterowy,3370,93,203900
Dom w lipiennikach 2,jednorodzinny parterowy,3370,95,204300
Dom pod pomarańczą 3,jednorodzinny parterowy,3370,99,204400
Dom w kosaćcach 2 (GN),"jednorodzinny parterowy, z garażem jednostanowiskowym",3600,99,204800
Dom w zielistkach (A),jednorodzinny z poddaszem,3370,112,205500
Dom w lilakach 14,jednorodzinny parterowy,3370,112,205900
Dom w malinówkach 11 (G),"jednorodzinny z poddaszem, z garażem jednostanowiskowym",3930,94,206300
Dom w lipiennikach,jednorodzinny parterowy,3370,113,206600
Dom w godecjach,"jednorodzinny z poddaszem, z garażem jednostanowiskowym",3600,111,206700
Dom w rododendronach 5 (WN),jednorodzinny z poddaszem,3600,85,206900
Dom w rododendronach 4,"jednorodzinny z poddaszem, z garażem jednostanowiskowym",3600,88,208300
Dom w gazaniach,jednorodzinny parterowy,3060,100,208800
Dom pod jarząbem 7,jednorodzinny parterowy,3370,115,209000
Dom w zielistkach 5,jednorodzinny z poddaszem,3370,113,209600
Dom w aurorach 14,"jednorodzinny z poddaszem, z garażem jednostanowiskowym",3930,91,210600
Dom w kostrzewach 6,jednorodzinny parterowy,3370,95,211500
Dom w lipiennikach 2,jednorodzinny parterowy,3370,95,204300
Dom pod pomarańczą 3,jednorodzinny parterowy,3370,99,204400
Dom w kosaćcach 2 (GN),"jednorodzinny parterowy, z garażem jednostanowiskowym",3600,99,204800
Dom w zielistkach (A),jednorodzinny z poddaszem,3370,112,205500
Dom w lilakach 14,jednorodzinny parterowy,3370,112,205900
Dom w malinówkach 11 (G),"jednorodzinny z poddaszem, z garażem jednostanowiskowym",3930,94,206300
Dom w lipiennikach,jednorodzinny parterowy,3370,113,206600
Dom w godecjach,"jednorodzinny z poddaszem, z garażem jednostanowiskowym",3600,111,206700
Dom w rododendronach 5 (WN),jednorodzinny z poddaszem,3600,85,206900
Dom w rododendronach 4,"jednorodzinny z poddaszem, z garażem jednostanowiskowym",3600,88,208300
Dom w gazaniach,jednorodzinny parterowy,3060,100,208800
Dom pod jarząbem 7,jednorodzinny parterowy,3370,115,209000
Dom w zielistkach 5,jednorodzinny z poddaszem,3370,113,209600
Dom w aurorach 14,"jednorodzinny z poddaszem, z garażem jednostanowiskowym",3930,91,210600
Dom w kostrzewach 6,jednorodzinny parterowy,3370,95,211500
Dom pod agawami 2,"jednorodzinny z poddaszem, z garażem jednostanowiskowym",3600,99,211900
Dom pod miłorzębem 19 (G),"jednorodzinny z poddaszem, z garażem jednostanowiskowym",3600,109,212300
Dom w jeżynach 2 (PD),jednorodzinny z poddaszem,3370,93,212700
Dom w ostróżkach 4,jednorodzinny z poddaszem,3370,112,213700
Dom w cedro,"jednorodzinny z poddaszem, z garażem jednostanowiskowym",3600,91,214300
Dom pod świerkiem 2,jednorodzinny parterowy,3370,111,214600
Dom w lulo,jednorodzinny parterowy,3370,92,215000
Dom w lucernie 8,"jednorodzinny z poddaszem, z garażem jednostanowiskowym",3600,89,215300
Dom w rododendronach 6 (W),jednorodzinny z poddaszem,3600,114,216100
Dom w borówkach (GN),"jednorodzinny z poddaszem, z garażem jednostanowiskowym",3370,92,217000
Dom w mandarynkach,jednorodzinny z poddaszem,3600,100,217500
Dom w akebiach (W),jednorodzinny parterowy,3370,109,217900
Dom w kostrzewach 4 (A),jednorodzinny parterowy,3370,112,218600
Dom w lilakach 2 (W),jednorodzinny parterowy,3370,113,218700
Dom w malinówkach 24,jednorodzinny z poddaszem,3370,96,219400
Dom pod agawami 2,"jednorodzinny z poddaszem, z garażem jednostanowiskowym",3600,99,211900
Dom pod miłorzębem 19 (G),"jednorodzinny z poddaszem, z garażem jednostanowiskowym",3600,109,212300
Dom w jeżynach 2 (PD),jednorodzinny z poddaszem,3370,93,212700
Dom w ostróżkach 4,jednorodzinny z poddaszem,3370,112,213700
Dom w cedro,"jednorodzinny z poddaszem, z garażem jednostanowiskowym",3600,91,214300
Dom pod świerkiem 2,jednorodzinny parterowy,3370,111,214600
Dom w lulo,jednorodzinny parterowy,3370,92,215000
Dom w lucernie 8,"jednorodzinny z poddaszem, z garażem jednostanowiskowym",3600,89,215300
Dom w rododendronach 6 (W),jednorodzinny z poddaszem,3600,114,216100
Dom w borówkach (GN),"jednorodzinny z poddaszem, z garażem jednostanowiskowym",3370,92,217000
Dom w mandarynkach,jednorodzinny z poddaszem,3600,100,217500
Dom w akebiach (W),jednorodzinny parterowy,3370,109,217900
Dom w kostrzewach 4 (A),jednorodzinny parterowy,3370,112,218600
Dom w lilakach 2 (W),jednorodzinny parterowy,3370,113,218700
Dom w malinówkach 24,jednorodzinny z poddaszem,3370,96,219400
Dom w rododendronach (N),jednorodzinny z poddaszem,3370,102,219500
Dom w rubellach,jednorodzinny z poddaszem,3600,121,220500
Dom w kostrzewach 11,jednorodzinny parterowy,3370,114,220900
Dom w avenach 2,"jednorodzinny z poddaszem, ze stropem teriva",3600,94,221800
Dom w akebiach 3,"jednorodzinny parterowy, z garażem jednostanowiskowym",3370,96,222100
Dom w krynkach,jednorodzinny z poddaszem,3600,84,222400
Dom w kostrzewach 7,jednorodzinny parterowy,3370,113,223000
Dom w topazach,jednorodzinny z poddaszem,3370,119,223200
Dom w portulankach,"jednorodzinny z poddaszem, z garażem jednostanowiskowym",3370,86,223400
Dom w malinówkach 30,jednorodzinny z poddaszem,3600,103,223500
Dom w złociszkach 2,jednorodzinny z poddaszem,3600,121,224200
Dom w borówkach 5,"jednorodzinny z poddaszem, z garażem jednostanowiskowym",3600,92,224300
Dom w jabłonkach 16,jednorodzinny z poddaszem,3600,106,225300
Dom w żurawkach 3,"jednorodzinny z poddaszem, z garażem jednostanowiskowym",3600,117,225700
Dom w lucernie 15,jednorodzinny z poddaszem,3600,100,225900
Dom w nerinach (T),"jednorodzinny parterowy, z garażem jednostanowiskowym, ze stropem teriva",3370,86,226200
Dom w rododendronach (N),jednorodzinny z poddaszem,3370,102,219500
Dom w rubellach,jednorodzinny z poddaszem,3600,121,220500
Dom w kostrzewach 11,jednorodzinny parterowy,3370,114,220900
Dom w avenach 2,"jednorodzinny z poddaszem, ze stropem teriva",3600,94,221800
Dom w akebiach 3,"jednorodzinny parterowy, z garażem jednostanowiskowym",3370,96,222100
Dom w krynkach,jednorodzinny z poddaszem,3600,84,222400
Dom w kostrzewach 7,jednorodzinny parterowy,3370,113,223000
Dom w topazach,jednorodzinny z poddaszem,3370,119,223200
Dom w portulankach,"jednorodzinny z poddaszem, z garażem jednostanowiskowym",3370,86,223400
Dom w malinówkach 30,jednorodzinny z poddaszem,3600,103,223500
Dom w złociszkach 2,jednorodzinny z poddaszem,3600,121,224200
Dom w borówkach 5,"jednorodzinny z poddaszem, z garażem jednostanowiskowym",3600,92,224300
Dom w jabłonkach 16,jednorodzinny z poddaszem,3600,106,225300
Dom w żurawkach 3,"jednorodzinny z poddaszem, z garażem jednostanowiskowym",3600,117,225700
Dom w lucernie 15,jednorodzinny z poddaszem,3600,100,225900
Dom w nerinach (T),"jednorodzinny parterowy, z garażem jednostanowiskowym, ze stropem teriva",3370,86,226200
Dom w jabłonkach 5,"jednorodzinny z poddaszem, z garażem jednostanowiskowym",3600,114,226500
Dom w dmuchawcach (N),"jednorodzinny z poddaszem, z garażem jednostanowiskowym",3600,104,227400
Dom w zielistkach 3 (G),"jednorodzinny z poddaszem, z garażem jednostanowiskowym",3600,115,228600
Dom w zielistkach 14,jednorodzinny z poddaszem,3600,105,228700
Dom w cieszyniankach 3,jednorodzinny parterowy,3370,111,229000
Dom w lucernie 2,"jednorodzinny z poddaszem, z garażem jednostanowiskowym",3600,110,229200
Dom w kolendrze,jednorodzinny z poddaszem,3600,117,229700
Dom pod akacją,jednorodzinny z poddaszem,3600,134,230100
Dom w mandarynkach (N),jednorodzinny z poddaszem,3600,104,230200
Dom w kostrzewach 10,jednorodzinny parterowy,3600,100,230300
Dom w perłówce 3,"jednorodzinny z poddaszem, z garażem jednostanowiskowym",3370,104,230800
Dom w lulo 6,jednorodzinny parterowy,3370,105,231000
Dom w kostrzewach 5,jednorodzinny parterowy,3370,106,231500
Dom pod świerkiem,jednorodzinny parterowy,3370,106,231700
Dom w jabłonkach 5,"jednorodzinny z poddaszem, z garażem jednostanowiskowym",3600,114,226500
Dom w dmuchawcach (N),"jednorodzinny z poddaszem, z garażem jednostanowiskowym",3600,104,227400
Dom w zielistkach 3 (G),"jednorodzinny z poddaszem, z garażem jednostanowiskowym",3600,115,228600
Dom w zielistkach 14,jednorodzinny z poddaszem,3600,105,228700
Dom w cieszyniankach 3,jednorodzinny parterowy,3370,111,229000
Dom w lucernie 2,"jednorodzinny z poddaszem, z garażem jednostanowiskowym",3600,110,229200
Dom w kolendrze,jednorodzinny z poddaszem,3600,117,229700
Dom pod akacją,jednorodzinny z poddaszem,3600,134,230100
Dom w mandarynkach (N),jednorodzinny z poddaszem,3600,104,230200
Dom w kostrzewach 10,jednorodzinny parterowy,3600,100,230300
Dom w perłówce 3,"jednorodzinny z poddaszem, z garażem jednostanowiskowym",3370,104,230800
Dom w lulo 6,jednorodzinny parterowy,3370,105,231000
Dom w kostrzewach 5,jednorodzinny parterowy,3370,106,231500
Dom pod świerkiem,jednorodzinny parterowy,3370,106,231700
Dom w lucernie 5,jednorodzinny z poddaszem,3600,125,231700
Dom w żurawkach (T),"jednorodzinny z poddaszem, z garażem jednostanowiskowym, ze stropem teriva",3370,83,232100
Dom pod wierzbą (G),"jednorodzinny z poddaszem, z garażem jednostanowiskowym",3600,96,232400
Dom w pięknotkach,"jednorodzinny z poddaszem, z garażem jednostanowiskowym",3600,101,232900
Dom w winogronach 6,"jednorodzinny z poddaszem, z garażem jednostanowiskowym",3600,114,233000
Dom w rododendronach 4 (NT),"jednorodzinny z poddaszem, z garażem jednostanowiskowym, ze stropem teriva",3600,99,233100
Dom w zielistkach 18,jednorodzinny z poddaszem,3600,101,233600
Dom w modrzykach 2 (W),jednorodzinny parterowy,3370,87,233800
Willa Julia 2,jednorodzinny piętrowy,3600,104,233900
Dom w kostrzewach 3 (A),jednorodzinny parterowy,3370,109,234200
Dom w rododendronach 2,"jednorodzinny z poddaszem, z garażem jednostanowiskowym",3600,118,234200
Dom w filodendronach (W),"jednorodzinny z poddaszem, ze stropem teriva",3600,99,234500
Dom w werbenach 4 (W),jednorodzinny z poddaszem,3370,97,234800
Dom w zielistkach 16,jednorodzinny z poddaszem,3600,100,235000
Dom w lucernie 5,jednorodzinny z poddaszem,3600,125,231700
Dom w żurawkach (T),"jednorodzinny z poddaszem, z garażem jednostanowiskowym, ze stropem teriva",3370,83,232100
Dom pod wierzbą (G),"jednorodzinny z poddaszem, z garażem jednostanowiskowym",3600,96,232400
Dom w pięknotkach,"jednorodzinny z poddaszem, z garażem jednostanowiskowym",3600,101,232900
Dom w winogronach 6,"jednorodzinny z poddaszem, z garażem jednostanowiskowym",3600,114,233000
Dom w rododendronach 4 (NT),"jednorodzinny z poddaszem, z garażem jednostanowiskowym, ze stropem teriva",3600,99,233100
Dom w zielistkach 18,jednorodzinny z poddaszem,3600,101,233600
Dom w modrzykach 2 (W),jednorodzinny parterowy,3370,87,233800
Willa Julia 2,jednorodzinny piętrowy,3600,104,233900
Dom w kostrzewach 3 (A),jednorodzinny parterowy,3370,109,234200
Dom w rododendronach 2,"jednorodzinny z poddaszem, z garażem jednostanowiskowym",3600,118,234200
Dom w filodendronach (W),"jednorodzinny z poddaszem, ze stropem teriva",3600,99,234500
Dom w werbenach 4 (W),jednorodzinny z poddaszem,3370,97,234800
Dom w zielistkach 16,jednorodzinny z poddaszem,3600,100,235000
Dom w malinówkach 5,"jednorodzinny z poddaszem, z garażem jednostanowiskowym",3600,121,235200
Dom w filodendronach 3,jednorodzinny z poddaszem,3600,95,235400
Dom w papierówkach,"jednorodzinny parterowy, z garażem jednostanowiskowym, ze stropem teriva",3370,120,235600
Dom w rumiankach 3,jednorodzinny parterowy,3600,124,236100
Dom w powojach 2,"jednorodzinny parterowy, z garażem jednostanowiskowym",3600,125,236600
Dom w amarylisach 5 (W),jednorodzinny z poddaszem,3600,81,236700
Dom pod jarząbem 22 (E) OZE,jednorodzinny parterowy,4100,84,236900
Dom w paprociach,jednorodzinny z poddaszem,3600,104,237500
Dom w cieszyniankach 5,jednorodzinny parterowy,3370,120,237700
Dom w akantach 2,"jednorodzinny z poddaszem, z garażem jednostanowiskowym",3600,112,237700
Dom w nenufarach,jednorodzinny z poddaszem,3600,102,238100
Dom w łubinie,"jednorodzinny z poddaszem, z garażem jednostanowiskowym",3600,107,238500
Dom w poziomkach 5 (GN),"jednorodzinny z poddaszem, z garażem jednostanowiskowym",3600,128,239000
Dom pod pomarańczą 2,jednorodzinny parterowy,3370,107,239000
Dom w malinówkach 5,"jednorodzinny z poddaszem, z garażem jednostanowiskowym",3600,121,235200
Dom w filodendronach 3,jednorodzinny z poddaszem,3600,95,235400
Dom w papierówkach,"jednorodzinny parterowy, z garażem jednostanowiskowym, ze stropem teriva",3370,120,235600
Dom w rumiankach 3,jednorodzinny parterowy,3600,124,236100
Dom w powojach 2,"jednorodzinny parterowy, z garażem jednostanowiskowym",3600,125,236600
Dom w amarylisach 5 (W),jednorodzinny z poddaszem,3600,81,236700
Dom pod jarząbem 22 (E) OZE,jednorodzinny parterowy,4100,84,236900
Dom w paprociach,jednorodzinny z poddaszem,3600,104,237500
Dom w cieszyniankach 5,jednorodzinny parterowy,3370,120,237700
Dom w akantach 2,"jednorodzinny z poddaszem, z garażem jednostanowiskowym",3600,112,237700
Dom w nenufarach,jednorodzinny z poddaszem,3600,102,238100
Dom w łubinie,"jednorodzinny z poddaszem, z garażem jednostanowiskowym",3600,107,238500
Dom w poziomkach 5 (GN),"jednorodzinny z poddaszem, z garażem jednostanowiskowym",3600,128,239000
Dom pod pomarańczą 2,jednorodzinny parterowy,3370,107,239000
Dom w antonówkach (G),"jednorodzinny z poddaszem, z garażem jednostanowiskowym",3600,108,239400
Dom w poziomkach 6,"jednorodzinny z poddaszem, z garażem jednostanowiskowym",3600,126,240000
Dom w szyszkowcach 7,jednorodzinny z poddaszem,3600,135,240100
Dom w zielistkach 7 (G),"jednorodzinny z poddaszem, z garażem jednostanowiskowym",3930,99,240400
Dom w zdrojówkach,"jednorodzinny z poddaszem, z garażem jednostanowiskowym",3600,112,240900
Dom w ligolach (M),"jednorodzinny z poddaszem, z garażem jednostanowiskowym",3600,81,241200
Dom w chili,"jednorodzinny z poddaszem, z garażem jednostanowiskowym",3930,136,241400
Dom w żurawkach 6 (W),jednorodzinny z poddaszem,3600,112,241900
Dom w santanach,jednorodzinny parterowy,3370,123,242500
Dom w malinówkach 7,jednorodzinny z poddaszem,3600,126,242700
Dom pod pistacją,jednorodzinny z poddaszem,3600,85,242900
Dom w sasankach 6,jednorodzinny z poddaszem,3600,128,243100
Dom w jabłonkach 4,jednorodzinny z poddaszem,3600,109,243200
Dom w antonówkach (G),"jednorodzinny z poddaszem, z garażem jednostanowiskowym",3600,108,239400
Dom w poziomkach 6,"jednorodzinny z poddaszem, z garażem jednostanowiskowym",3600,126,240000
Dom w szyszkowcach 7,jednorodzinny z poddaszem,3600,135,240100
Dom w zielistkach 7 (G),"jednorodzinny z poddaszem, z garażem jednostanowiskowym",3930,99,240400
Dom w zdrojówkach,"jednorodzinny z poddaszem, z garażem jednostanowiskowym",3600,112,240900
Dom w ligolach (M),"jednorodzinny z poddaszem, z garażem jednostanowiskowym",3600,81,241200
Dom w chili,"jednorodzinny z poddaszem, z garażem jednostanowiskowym",3930,136,241400
Dom w żurawkach 6 (W),jednorodzinny z poddaszem,3600,112,241900
Dom w santanach,jednorodzinny parterowy,3370,123,242500
Dom w malinówkach 7,jednorodzinny z poddaszem,3600,126,242700
Dom pod pistacją,jednorodzinny z poddaszem,3600,85,242900
Dom w sasankach 6,jednorodzinny z poddaszem,3600,128,243100
Dom w jabłonkach 4,jednorodzinny z poddaszem,3600,109,243200
Dom w trytomach (G),"jednorodzinny z poddaszem, z garażem jednostanowiskowym",3600,107,243300
Dom w rezedach,"jednorodzinny z poddaszem, z garażem jednostanowiskowym",3600,110,243700
Dom w malinówkach 11 (GA),"jednorodzinny z poddaszem, z garażem jednostanowiskowym",3930,112,243700
Dom w poziomkach 3 (P),"jednorodzinny z poddaszem, z piwnicą",3600,106,243800
Dom w arletach,"jednorodzinny z poddaszem, z garażem jednostanowiskowym",3930,114,244200
Dom w klematisach 29,"jednorodzinny z poddaszem, z garażem jednostanowiskowym",3600,140,244700
Dom w kolendrze 2 (G),"jednorodzinny z poddaszem, z garażem jednostanowiskowym",3370,85,245100
Dom w żurawkach 10,"jednorodzinny z poddaszem, z garażem jednostanowiskowym",3600,88,245600
Dom w morelach (N),"jednorodzinny z poddaszem, z garażem jednostanowiskowym",3600,111,245700
Dom w santolinach 2,jednorodzinny parterowy,3600,109,245900
Dom w truskawkach 3,jednorodzinny z poddaszem,3600,131,246000
Dom w faworytkach,"jednorodzinny z poddaszem, z garażem jednostanowiskowym",3600,135,246100
Dom w jabłonkach,"jednorodzinny z poddaszem, z garażem jednostanowiskowym",3600,89,246300
Dom w oczarach,jednorodzinny z poddaszem,3600,121,246400
Dom w trytomach (G),"jednorodzinny z poddaszem, z garażem jednostanowiskowym",3600,107,243300
Dom w rezedach,"jednorodzinny z poddaszem, z garażem jednostanowiskowym",3600,110,243700
Dom w malinówkach 11 (GA),"jednorodzinny z poddaszem, z garażem jednostanowiskowym",3930,112,243700
Dom w poziomkach 3 (P),"jednorodzinny z poddaszem, z piwnicą",3600,106,243800
Dom w arletach,"jednorodzinny z poddaszem, z garażem jednostanowiskowym",3930,114,244200
Dom w klematisach 29,"jednorodzinny z poddaszem, z garażem jednostanowiskowym",3600,140,244700
Dom w kolendrze 2 (G),"jednorodzinny z poddaszem, z garażem jednostanowiskowym",3370,85,245100
Dom w żurawkach 10,"jednorodzinny z poddaszem, z garażem jednostanowiskowym",3600,88,245600
Dom w morelach (N),"jednorodzinny z poddaszem, z garażem jednostanowiskowym",3600,111,245700
Dom w santolinach 2,jednorodzinny parterowy,3600,109,245900
Dom w truskawkach 3,jednorodzinny z poddaszem,3600,131,246000
Dom w faworytkach,"jednorodzinny z poddaszem, z garażem jednostanowiskowym",3600,135,246100
Dom w jabłonkach,"jednorodzinny z poddaszem, z garażem jednostanowiskowym",3600,89,246300
Dom w oczarach,jednorodzinny z poddaszem,3600,121,246400
Dom w mekintoszach 16 (G),"jednorodzinny parterowy, z garażem jednostanowiskowym",3370,85,246500
Dom w mekintoszach 15,jednorodzinny parterowy,3600,88,246800
Dom w cytryńcach,"jednorodzinny z poddaszem, z garażem jednostanowiskowym, ze stropem teriva",3600,130,246900
Dom w perłówce 2,"jednorodzinny z poddaszem, z garażem jednostanowiskowym",3600,119,247200
Dom w malwach 2,"jednorodzinny z poddaszem, z garażem jednostanowiskowym",3930,104,247400
Dom w zdrojówkach 10,"jednorodzinny z poddaszem, z garażem jednostanowiskowym",3600,101,247800
Dom pod liczi 4,"jednorodzinny z poddaszem, z garażem jednostanowiskowym",3600,107,248000
Dom w lucernie 11,jednorodzinny z poddaszem,3600,103,248700
Dom w aurorach 21 (G),"jednorodzinny z poddaszem, z garażem jednostanowiskowym",3600,136,249500
Dom pod jarząbem 6,jednorodzinny parterowy,3600,136,249800
Dom w rumiankach 3 (A),jednorodzinny parterowy,3600,103,250200
Dom w pięknotkach 2,"jednorodzinny z poddaszem, z garażem jednostanowiskowym",3600,137,250400
Dom pod jarząbem 15,jednorodzinny parterowy,3600,118,250800
Dom w mekintoszach 16 (G),"jednorodzinny parterowy, z garażem jednostanowiskowym",3370,85,246500
Dom w mekintoszach 15,jednorodzinny parterowy,3600,88,246800
Dom w cytryńcach,"jednorodzinny z poddaszem, z garażem jednostanowiskowym, ze stropem teriva",3600,130,246900
Dom w perłówce 2,"jednorodzinny z poddaszem, z garażem jednostanowiskowym",3600,119,247200
Dom w malwach 2,"jednorodzinny z poddaszem, z garażem jednostanowiskowym",3930,104,247400
Dom w zdrojówkach 10,"jednorodzinny z poddaszem, z garażem jednostanowiskowym",3600,101,247800
Dom pod liczi 4,"jednorodzinny z poddaszem, z garażem jednostanowiskowym",3600,107,248000
Dom w lucernie 11,jednorodzinny z poddaszem,3600,103,248700
Dom w aurorach 21 (G),"jednorodzinny z poddaszem, z garażem jednostanowiskowym",3600,136,249500
Dom pod jarząbem 6,jednorodzinny parterowy,3600,136,249800
Dom w rumiankach 3 (A),jednorodzinny parterowy,3600,103,250200
Dom w pięknotkach 2,"jednorodzinny z poddaszem, z garażem jednostanowiskowym",3600,137,250400
Dom pod jarząbem 15,jednorodzinny parterowy,3600,118,250800
Dom w rododendronach 4 (N),"jednorodzinny z poddaszem, z garażem jednostanowiskowym",3600,105,251200
Dom w żurawkach 7 (T),"jednorodzinny z poddaszem, z garażem jednostanowiskowym, ze stropem teriva",3600,100,251600
Dom pod iwą,jednorodzinny z poddaszem,3930,135,252000
Dom w przetacznikach,jednorodzinny z poddaszem,3600,109,252500
Willa Pola,"jednorodzinny piętrowy, z garażem jednostanowiskowym",3930,139,252800
Dom w malinówkach (G),"jednorodzinny z poddaszem, z garażem jednostanowiskowym",3600,163,253000
Dom w lucernie 9,jednorodzinny z poddaszem,3600,134,253700
Dom w perłówce (NT),"jednorodzinny z poddaszem, z garażem jednostanowiskowym, ze stropem teriva",3370,127,254000
Dom w strelicjach (A),jednorodzinny z poddaszem,3600,147,254100
Dom pod jarząbem 12,jednorodzinny parterowy,3370,98,254400
Dom w perłówce (N),"jednorodzinny z poddaszem, z garażem jednostanowiskowym",3370,131,254700
Dom w poziomkach (PN),"jednorodzinny z poddaszem, z piwnicą",3930,97,254800
Willa Julia 7,"jednorodzinny piętrowy, z garażem jednostanowiskowym",3930,119,254900
Dom w jabłonkach 6 (T),"jednorodzinny z poddaszem, z garażem jednostanowiskowym, ze stropem teriva",3930,139,255200
Dom w rododendronach 4 (N),"jednorodzinny z poddaszem, z garażem jednostanowiskowym",3600,105,251200
Dom w żurawkach 7 (T),"jednorodzinny z poddaszem, z garażem jednostanowiskowym, ze stropem teriva",3600,100,251600
Dom pod iwą,jednorodzinny z poddaszem,3930,135,252000
Dom w przetacznikach,jednorodzinny z poddaszem,3600,109,252500
Willa Pola,"jednorodzinny piętrowy, z garażem jednostanowiskowym",3930,139,252800
Dom w malinówkach (G),"jednorodzinny z poddaszem, z garażem jednostanowiskowym",3600,163,253000
Dom w lucernie 9,jednorodzinny z poddaszem,3600,134,253700
Dom w perłówce (NT),"jednorodzinny z poddaszem, z garażem jednostanowiskowym, ze stropem teriva",3370,127,254000
Dom w strelicjach (A),jednorodzinny z poddaszem,3600,147,254100
Dom pod jarząbem 12,jednorodzinny parterowy,3370,98,254400
Dom w perłówce (N),"jednorodzinny z poddaszem, z garażem jednostanowiskowym",3370,131,254700
Dom w poziomkach (PN),"jednorodzinny z poddaszem, z piwnicą",3930,97,254800
Willa Julia 7,"jednorodzinny piętrowy, z garażem jednostanowiskowym",3930,119,254900
Dom w jabłonkach 6 (T),"jednorodzinny z poddaszem, z garażem jednostanowiskowym, ze stropem teriva",3930,139,255200
Dom pod kasztanem 3 (N),"jednorodzinny z poddaszem, z garażem jednostanowiskowym, ze stropem teriva",3600,116,255500
Dom w konwaliach,"jednorodzinny z poddaszem, ze stropem teriva",3930,118,255700
Dom w jabłonkach 6,"jednorodzinny z poddaszem, z garażem jednostanowiskowym",3930,157,256200
Dom w jabłonkach 3,"jednorodzinny z poddaszem, z garażem jednostanowiskowym",3600,123,256300
Dom w zdrojówkach 3,"jednorodzinny z poddaszem, z garażem jednostanowiskowym",3930,97,256900
Dom w amarylisach,"jednorodzinny z poddaszem, z garażem jednostanowiskowym",3600,121,257300
Dom w bazylii 3,jednorodzinny parterowy,3600,129,257400
Dom w rukoli 6,"jednorodzinny z poddaszem, z garażem jednostanowiskowym",3600,119,257500
Willa Andrea,"jednorodzinny piętrowy, z garażem jednostanowiskowym",3930,133,257700
Dom w groszku 2,"jednorodzinny z poddaszem, z garażem jednostanowiskowym",3600,145,258200
Dom w ananasach (N),"jednorodzinny z poddaszem, z garażem jednostanowiskowym",3600,126,258800
Dom we frezjach 2 (G),"jednorodzinny z poddaszem, z garażem jednostanowiskowym",3600,128,258900
Dom pod kasztanem 2 (P),"jednorodzinny z poddaszem, z piwnicą",3930,113,259800
Dom pod kasztanem 3 (N),"jednorodzinny z poddaszem, z garażem jednostanowiskowym, ze stropem teriva",3600,116,255500
Dom w konwaliach,"jednorodzinny z poddaszem, ze stropem teriva",3930,118,255700
Dom w jabłonkach 6,"jednorodzinny z poddaszem, z garażem jednostanowiskowym",3930,157,256200
Dom w jabłonkach 3,"jednorodzinny z poddaszem, z garażem jednostanowiskowym",3600,123,256300
Dom w zdrojówkach 3,"jednorodzinny z poddaszem, z garażem jednostanowiskowym",3930,97,256900
Dom w amarylisach,"jednorodzinny z poddaszem, z garażem jednostanowiskowym",3600,121,257300
Dom w bazylii 3,jednorodzinny parterowy,3600,129,257400
Dom w rukoli 6,"jednorodzinny z poddaszem, z garażem jednostanowiskowym",3600,119,257500
Willa Andrea,"jednorodzinny piętrowy, z garażem jednostanowiskowym",3930,133,257700
Dom w groszku 2,"jednorodzinny z poddaszem, z garażem jednostanowiskowym",3600,145,258200
Dom w ananasach (N),"jednorodzinny z poddaszem, z garażem jednostanowiskowym",3600,126,258800
Dom we frezjach 2 (G),"jednorodzinny z poddaszem, z garażem jednostanowiskowym",3600,128,258900
Dom pod kasztanem 2 (P),"jednorodzinny z poddaszem, z piwnicą",3930,113,259800
Dom w szyszkowcach 2,"jednorodzinny z poddaszem, z garażem jednostanowiskowym",3600,119,259900
Dom w filodendronach 2,"jednorodzinny z poddaszem, z garażem jednostanowiskowym",3930,124,260100
Dom pod jarząbem 19,jednorodzinny parterowy,3600,127,260300
Dom w lipiennikach (G),"jednorodzinny parterowy, z garażem jednostanowiskowym",3600,143,260600
Dom w zdrojówkach 8,"jednorodzinny z poddaszem, z garażem jednostanowiskowym",3600,103,261000
Dom w akebiach 4,"jednorodzinny parterowy, z garażem jednostanowiskowym",3600,106,261400
Dom w aurorach 7 (A),"jednorodzinny z poddaszem, z garażem jednostanowiskowym",3930,116,261400
Dom w wisteriach (T),"jednorodzinny z poddaszem, z garażem jednostanowiskowym, ze stropem teriva",3600,125,261900
Dom w miodownikach 2,"jednorodzinny z poddaszem, z garażem jednostanowiskowym",3930,136,262100
Dom w pauliniach 3,jednorodzinny parterowy,3600,98,262700
Dom w malinówkach 14 (GA),"jednorodzinny z poddaszem, z garażem jednostanowiskowym",3930,121,262900
Dom w kardamonie,"jednorodzinny z poddaszem, z garażem jednostanowiskowym",3600,107,263200
Dom w szyszkowcach 2,"jednorodzinny z poddaszem, z garażem jednostanowiskowym",3600,119,259900
Dom w filodendronach 2,"jednorodzinny z poddaszem, z garażem jednostanowiskowym",3930,124,260100
Dom pod jarząbem 19,jednorodzinny parterowy,3600,127,260300
Dom w lipiennikach (G),"jednorodzinny parterowy, z garażem jednostanowiskowym",3600,143,260600
Dom w zdrojówkach 8,"jednorodzinny z poddaszem, z garażem jednostanowiskowym",3600,103,261000
Dom w akebiach 4,"jednorodzinny parterowy, z garażem jednostanowiskowym",3600,106,261400
Dom w aurorach 7 (A),"jednorodzinny z poddaszem, z garażem jednostanowiskowym",3930,116,261400
Dom w wisteriach (T),"jednorodzinny z poddaszem, z garażem jednostanowiskowym, ze stropem teriva",3600,125,261900
Dom w miodownikach 2,"jednorodzinny z poddaszem, z garażem jednostanowiskowym",3930,136,262100
Dom w pauliniach 3,jednorodzinny parterowy,3600,98,262700
Dom w malinówkach 14 (GA),"jednorodzinny z poddaszem, z garażem jednostanowiskowym",3930,121,262900
Dom w kardamonie,"jednorodzinny z poddaszem, z garażem jednostanowiskowym",3600,107,263200
Dom w renklodach 25,jednorodzinny parterowy,3600,119,263400
Dom w rododendronach 15 (NT),"jednorodzinny z poddaszem, z garażem jednostanowiskowym, ze stropem teriva",3600,122,263800
Dom w dzwonecznikach 2,jednorodzinny z poddaszem,3600,118,263900
Dom pod kaliną,jednorodzinny z poddaszem,3600,144,264100
Dom w szafirkach,"jednorodzinny z poddaszem, z garażem jednostanowiskowym, ze stropem teriva",3600,100,264200
Dom w lulo 5,jednorodzinny z poddaszem,3930,131,264300
Dom w żurawkach 4 (T),"jednorodzinny z poddaszem, z garażem jednostanowiskowym, ze stropem teriva",3600,132,264400
Dom w filodendronach,"jednorodzinny z poddaszem, z garażem jednostanowiskowym, ze stropem teriva",3930,142,264500
Dom w sasankach 3 (G),"jednorodzinny z poddaszem, z garażem jednostanowiskowym",3930,142,264600
Dom w awokado (N),jednorodzinny z poddaszem,3600,124,264800
Dom w nerinach 2,"jednorodzinny parterowy, z garażem jednostanowiskowym",3600,124,265200
Dom w wisteriach,"jednorodzinny z poddaszem, z garażem jednostanowiskowym",3600,129,265600
Dom w żurawkach 5,"jednorodzinny z poddaszem, z garażem jednostanowiskowym",3600,109,265900
Dom w awokado,jednorodzinny z poddaszem,3600,116,266100
Dom w renklodach 25,jednorodzinny parterowy,3600,119,263400
Dom w rododendronach 15 (NT),"jednorodzinny z poddaszem, z garażem jednostanowiskowym, ze stropem teriva",3600,122,263800
Dom w dzwonecznikach 2,jednorodzinny z poddaszem,3600,118,263900
Dom pod kaliną,jednorodzinny z poddaszem,3600,144,264100
Dom w szafirkach,"jednorodzinny z poddaszem, z garażem jednostanowiskowym, ze stropem teriva",3600,100,264200
Dom w lulo 5,jednorodzinny z poddaszem,3930,131,264300
Dom w żurawkach 4 (T),"jednorodzinny z poddaszem, z garażem jednostanowiskowym, ze stropem teriva",3600,132,264400
Dom w filodendronach,"jednorodzinny z poddaszem, z garażem jednostanowiskowym, ze stropem teriva",3930,142,264500
Dom w sasankach 3 (G),"jednorodzinny z poddaszem, z garażem jednostanowiskowym",3930,142,264600
Dom w awokado (N),jednorodzinny z poddaszem,3600,124,264800
Dom w nerinach 2,"jednorodzinny parterowy, z garażem jednostanowiskowym",3600,124,265200
Dom w wisteriach,"jednorodzinny z poddaszem, z garażem jednostanowiskowym",3600,129,265600
Dom w żurawkach 5,"jednorodzinny z poddaszem, z garażem jednostanowiskowym",3600,109,265900
Dom w awokado,jednorodzinny z poddaszem,3600,116,266100
Dom w lulo 2,jednorodzinny parterowy,3370,107,266200
Dom w balsamowcach 8,jednorodzinny z poddaszem,3930,121,266400
Dom w nerinach 3,"jednorodzinny parterowy, z garażem jednostanowiskowym",3600,156,266700
Dom w aksamitkach (M),"jednorodzinny z poddaszem, z garażem jednostanowiskowym",3600,100,266800
Dom w cytryńcach (G2),"jednorodzinny z poddaszem, z garażem dwustanowiskowym",3600,126,267200
Dom w koniczynce 3,"jednorodzinny z poddaszem, z garażem jednostanowiskowym",3600,100,267200
Dom pod lukumą,"jednorodzinny z poddaszem, z garażem jednostanowiskowym",3930,127,268200
Dom w idaredach 3 (T),"jednorodzinny z poddaszem, ze stropem teriva",3600,115,268500
Dom w żurawkach 4,"jednorodzinny z poddaszem, z garażem jednostanowiskowym",3600,122,268600
Dom w gladiolach 2,jednorodzinny z poddaszem,3930,136,268600
Dom w złociszkach (G2),"jednorodzinny z poddaszem, z garażem dwustanowiskowym",3930,104,268900
Dom w silene,jednorodzinny z poddaszem,3930,114,269100
Dom w papawerach 5 (G),"jednorodzinny z poddaszem, z garażem jednostanowiskowym",3930,119,269300
Dom w lulo 2,jednorodzinny parterowy,3370,107,266200
Dom w balsamowcach 8,jednorodzinny z poddaszem,3930,121,266400
Dom w nerinach 3,"jednorodzinny parterowy, z garażem jednostanowiskowym",3600,156,266700
Dom w aksamitkach (M),"jednorodzinny z poddaszem, z garażem jednostanowiskowym",3600,100,266800
Dom w cytryńcach (G2),"jednorodzinny z poddaszem, z garażem dwustanowiskowym",3600,126,267200
Dom w koniczynce 3,"jednorodzinny z poddaszem, z garażem jednostanowiskowym",3600,100,267200
Dom pod lukumą,"jednorodzinny z poddaszem, z garażem jednostanowiskowym",3930,127,268200
Dom w idaredach 3 (T),"jednorodzinny z poddaszem, ze stropem teriva",3600,115,268500
Dom w żurawkach 4,"jednorodzinny z poddaszem, z garażem jednostanowiskowym",3600,122,268600
Dom w gladiolach 2,jednorodzinny z poddaszem,3930,136,268600
Dom w złociszkach (G2),"jednorodzinny z poddaszem, z garażem dwustanowiskowym",3930,104,268900
Dom w silene,jednorodzinny z poddaszem,3930,114,269100
Dom w papawerach 5 (G),"jednorodzinny z poddaszem, z garażem jednostanowiskowym",3930,119,269300
Dom w wisteriach 3,"jednorodzinny z poddaszem, z garażem jednostanowiskowym",3930,130,269500
Dom w aurorach,"jednorodzinny z poddaszem, z garażem jednostanowiskowym",3930,137,269700
Dom w miodokwiatach,"jednorodzinny z poddaszem, z garażem jednostanowiskowym",3930,109,269800
Dom w imbirze,jednorodzinny parterowy,3600,127,270400
Dom w lotosach (G),"jednorodzinny z poddaszem, z garażem jednostanowiskowym",3600,121,270600
Dom w kordiach,jednorodzinny z poddaszem,3600,127,271100
Dom w salsefiach,jednorodzinny parterowy,3800,123,271200
Dom w wisteriach 8 (G),"jednorodzinny z poddaszem, z garażem jednostanowiskowym",3930,136,271400
Dom w majeranku 2 (AT),"jednorodzinny z poddaszem, ze stropem teriva",3930,116,271800
Dom w jeżówkach,jednorodzinny z poddaszem,3930,131,272400
Dom w malinówkach 3,"jednorodzinny z poddaszem, z garażem jednostanowiskowym",3930,141,272900
Dom w lukrecji 3,"jednorodzinny z poddaszem, z garażem jednostanowiskowym",3600,110,273000
Dom w wisteriach 3,"jednorodzinny z poddaszem, z garażem jednostanowiskowym",3930,130,269500
Dom w aurorach,"jednorodzinny z poddaszem, z garażem jednostanowiskowym",3930,137,269700
Dom w miodokwiatach,"jednorodzinny z poddaszem, z garażem jednostanowiskowym",3930,109,269800
Dom w imbirze,jednorodzinny parterowy,3600,127,270400
Dom w lotosach (G),"jednorodzinny z poddaszem, z garażem jednostanowiskowym",3600,121,270600
Dom w kordiach,jednorodzinny z poddaszem,3600,127,271100
Dom w salsefiach,jednorodzinny parterowy,3800,123,271200
Dom w wisteriach 8 (G),"jednorodzinny z poddaszem, z garażem jednostanowiskowym",3930,136,271400
Dom w majeranku 2 (AT),"jednorodzinny z poddaszem, ze stropem teriva",3930,116,271800
Dom w jeżówkach,jednorodzinny z poddaszem,3930,131,272400
Dom w malinówkach 3,"jednorodzinny z poddaszem, z garażem jednostanowiskowym",3930,141,272900
Dom w lukrecji 3,"jednorodzinny z poddaszem, z garażem jednostanowiskowym",3600,110,273000
Dom w majeranku 2 (N),jednorodzinny z poddaszem,3930,146,273200
Dom w idaredach (T),"jednorodzinny z poddaszem, z garażem jednostanowiskowym, ze stropem teriva",3930,109,273700
Dom w malinówkach 3 (T),"jednorodzinny z poddaszem, z garażem jednostanowiskowym, ze stropem teriva",3930,125,273800
Dom w balsamowcach 2,"jednorodzinny z poddaszem, z garażem jednostanowiskowym",3930,150,274000
Dom pod pinią 2,jednorodzinny parterowy,3600,113,274600
Dom w skrzydłokwiatach,"jednorodzinny z poddaszem, z garażem jednostanowiskowym",3930,115,274700
Dom w abeliach,"jednorodzinny z poddaszem, z garażem jednostanowiskowym",3930,103,274900
Dom w morelach (G2),"jednorodzinny z poddaszem, z garażem dwustanowiskowym",3930,144,275400
Dom w lobeliach 2,"jednorodzinny z poddaszem, z garażem jednostanowiskowym",3600,123,275500
Dom w tymianku 8,"jednorodzinny z poddaszem, z garażem jednostanowiskowym",3930,113,275900
Dom w leszczynowcach 6 (G),"jednorodzinny parterowy, z garażem jednostanowiskowym",3600,119,276300
Dom w majeranku 2 (N),jednorodzinny z poddaszem,3930,146,273200
Dom w idaredach (T),"jednorodzinny z poddaszem, z garażem jednostanowiskowym, ze stropem teriva",3930,109,273700
Dom w malinówkach 3 (T),"jednorodzinny z poddaszem, z garażem jednostanowiskowym, ze stropem teriva",3930,125,273800
Dom w balsamowcach 2,"jednorodzinny z poddaszem, z garażem jednostanowiskowym",3930,150,274000
Dom pod pinią 2,jednorodzinny parterowy,3600,113,274600
Dom w skrzydłokwiatach,"jednorodzinny z poddaszem, z garażem jednostanowiskowym",3930,115,274700
Dom w abeliach,"jednorodzinny z poddaszem, z garażem jednostanowiskowym",3930,103,274900
Dom w morelach (G2),"jednorodzinny z poddaszem, z garażem dwustanowiskowym",3930,144,275400
Dom w lobeliach 2,"jednorodzinny z poddaszem, z garażem jednostanowiskowym",3600,123,275500
Dom w tymianku 8,"jednorodzinny z poddaszem, z garażem jednostanowiskowym",3930,113,275900
Dom w leszczynowcach 6 (G),"jednorodzinny parterowy, z garażem jednostanowiskowym",3600,119,276300
Dom w morelach 3,"jednorodzinny z poddaszem, z garażem jednostanowiskowym",3930,143,276400
Dom w nolanach,"jednorodzinny z poddaszem, z garażem jednostanowiskowym",3930,124,276700
Dom w złoci (G2A),"jednorodzinny z poddaszem, z garażem dwustanowiskowym",3930,109,277300
Dom w renklodach 20,jednorodzinny parterowy,3600,148,277400
Dom w malinówkach 16 (G),"jednorodzinny z poddaszem, z garażem jednostanowiskowym",3930,130,277500
Dom w werbenach 7,"jednorodzinny z poddaszem, z garażem jednostanowiskowym",3930,119,277900
Dom w werbenach 2,"jednorodzinny z poddaszem, z garażem jednostanowiskowym",3930,121,278100
Dom w poziomkach 7 (P),"jednorodzinny z poddaszem, z piwnicą",3930,135,278400
Dom w firletkach,"jednorodzinny z poddaszem, z garażem jednostanowiskowym",3930,137,278600
Dom w zdrojówkach 12,"jednorodzinny z poddaszem, z garażem jednostanowiskowym",3930,129,278700
Dom w renklodach 26 (G),"jednorodzinny parterowy, z garażem jednostanowiskowym",3600,140,279000
Dom w balsamowcach (A),"jednorodzinny z poddaszem, z garażem jednostanowiskowym",3930,124,279200
Dom w filodendronach (M),"jednorodzinny z poddaszem, z garażem jednostanowiskowym",3930,127,279300
Dom w morelach 3,"jednorodzinny z poddaszem, z garażem jednostanowiskowym",3930,143,276400
Dom w nolanach,"jednorodzinny z poddaszem, z garażem jednostanowiskowym",3930,124,276700
Dom w złoci (G2A),"jednorodzinny z poddaszem, z garażem dwustanowiskowym",3930,109,277300
Dom w renklodach 20,jednorodzinny parterowy,3600,148,277400
Dom w malinówkach 16 (G),"jednorodzinny z poddaszem, z garażem jednostanowiskowym",3930,130,277500
Dom w werbenach 7,"jednorodzinny z poddaszem, z garażem jednostanowiskowym",3930,119,277900
Dom w werbenach 2,"jednorodzinny z poddaszem, z garażem jednostanowiskowym",3930,121,278100
Dom w poziomkach 7 (P),"jednorodzinny z poddaszem, z piwnicą",3930,135,278400
Dom w firletkach,"jednorodzinny z poddaszem, z garażem jednostanowiskowym",3930,137,278600
Dom w zdrojówkach 12,"jednorodzinny z poddaszem, z garażem jednostanowiskowym",3930,129,278700
Dom w renklodach 26 (G),"jednorodzinny parterowy, z garażem jednostanowiskowym",3600,140,279000
Dom w balsamowcach (A),"jednorodzinny z poddaszem, z garażem jednostanowiskowym",3930,124,279200
Dom w filodendronach (M),"jednorodzinny z poddaszem, z garażem jednostanowiskowym",3930,127,279300
